variant,method,k,avg_hist_plausibility,avg_bio_precision_llm,avg_cultural_approp_llm,avg_overall_llm,avg_precision_at_k,avg_recall,avg_mrr
C,dense,10,0.6679999999999999,3.16,2.84,3.16,0.044000000000000004,0.022210526315789476,0.13233333333333333
C,dense,20,0.84,3.68,3.24,3.68,0.022105263157894742,0.022210526315789476,0.15758630258630257
C,dense,30,0.8759999999999999,3.92,3.56,3.92,0.02195073891625616,0.03252631578947368,0.07266868099221041
C,bm25,10,0.3440000000000001,2.76,2.48,2.76,0.008,0.004,0.02
C,bm25,20,0.636,3.16,2.76,3.16,0.004,0.004,0.009047619047619047
C,bm25,30,0.7857142857142857,3.4285714285714284,2.761904761904762,3.380952380952381,0.003287981859410431,0.004761904761904762,0.0071301247771836
