variant,method,k,avg_k,avg_birth_year,avg_hist_plausibility,avg_bio_precision_llm,avg_cultural_approp_llm,avg_overall_llm,avg_precision_at_k,avg_recall,avg_mrr
C,dense,10,10.0,1948.52,0.64,3.04,2.88,3.04,0.02,0.010315789473684212,0.06277777777777778
C,dense,20,20.0,1948.52,0.8440000000000001,3.56,3.52,3.56,0.03,0.030315789473684213,0.08379089211442152
C,dense,30,30.0,1948.52,0.8719999999999999,3.88,3.6,3.88,0.02689655172413793,0.04063157894736842,0.12644424540976268
C,bm25,10,10.0,1948.52,0.41600000000000004,2.72,2.56,2.72,0.008,0.004,0.01
C,bm25,20,20.0,1948.52,0.652,3.16,2.68,3.16,0.006000000000000001,0.006000000000000001,0.014969696969696971
C,bm25,30,30.0,1948.52,0.7439999999999999,3.48,3.16,3.48,0.005333333333333333,0.008,0.007667701863354037
