variant,method,k,avg_k,avg_birth_year,avg_hist_plausibility,avg_bio_precision_llm,avg_cultural_approp_llm,avg_overall_llm,avg_precision_at_k,avg_recall,avg_mrr
B,dense,10,10.0,1948.52,0.8760000000000001,3.04,2.68,3.04,0.036444444444444446,0.01810526315789474,0.19571428571428573
B,dense,20,20.0,1948.52,0.992,3.36,2.88,3.36,0.03431578947368421,0.03431578947368421,0.21417360417360418
B,dense,30,30.0,1948.52,0.9840000000000001,3.56,3.0,3.56,0.03112643678160919,0.04631578947368422,0.21607836607836606
B,bm25,10,10.0,1948.52,0.47600000000000003,2.96,2.48,2.96,0.0,0.0,0.0
B,bm25,20,20.0,1948.52,0.7519999999999999,3.32,2.72,3.32,0.0,0.0,0.0
B,bm25,30,30.0,1948.52,0.8519999999999999,3.6,3.12,3.6,0.0,0.0,0.0
